<?xml version="1.0" encoding="UTF-8" standalone="yes"?>
<data>
<clientes>
    <cliente>
        <nombre>Estrella</nombre>
        <id>118060772</id>
        <numeroTelefono>72348902</numeroTelefono>
        <email>estrella@gmail.com</email>
        <porcentajeDescuento>1</porcentajeDescuento>
    </cliente>
    <cliente>
        <nombre>Katherine</nombre>
        <id>87654321</id>
        <numeroTelefono>12345678</numeroTelefono>
        <email>Katherine@gmail.com</email>
        <porcentajeDescuento>2</porcentajeDescuento>
    </cliente>
    <cliente>
        <nombre>Arturo</nombre>
        <id>11223344</id>
        <numeroTelefono>87654321</numeroTelefono>
        <email>Arturo@gmail.com</email>
        <porcentajeDescuento>3</porcentajeDescuento>
    </cliente>
</clientes>
</data>