<?xml version="1.0" encoding="UTF-8"?>
<data>
<productos>
    <producto>
        <codigo>101</codigo>
        <descripcion>Laptop</descripcion>
        <categoria>Electrónica</categoria>
        <unidadMedida>Unidad</unidadMedida>
        <precioBaseUnitario>700.00</precioBaseUnitario>
        <existencias>15</existencias>
    </producto>
    <producto>
        <codigo>102</codigo>
        <descripcion>Smartphone</descripcion>
        <categoria>Electrónica</categoria>
        <unidadMedida>Unidad</unidadMedida>
        <precioBaseUnitario>100.99</precioBaseUnitario>
        <existencias>30</existencias>
    </producto>
    <producto>
        <codigo>103</codigo>
        <descripcion>Impresora</descripcion>
        <categoria>Oficina</categoria>
        <unidadMedida>Unidad</unidadMedida>
        <precioBaseUnitario>500.00</precioBaseUnitario>
        <existencias>20</existencias>
    </producto>
    <producto>
        <codigo>104</codigo>
        <descripcion>Teclado</descripcion>
        <categoria>Accesorios</categoria>
        <unidadMedida>Unidad</unidadMedida>
        <precioBaseUnitario>30.99</precioBaseUnitario>
        <existencias>50</existencias>
    </producto>
</productos>
</data>